"filename", "language", "Python", "GLSL", "JSON", "comment", "blank", "total"
"c:\Users\A\Desktop\TankWar\AI\PathFinding\pathFinder_class.py", "Python", 108, 0, 0, 17, 24, 149
"c:\Users\A\Desktop\TankWar\AI\StateMachine\States\enemyStates.py", "Python", 135, 0, 0, 13, 17, 165
"c:\Users\A\Desktop\TankWar\AI\StateMachine\States\state_class.py", "Python", 12, 0, 0, 1, 0, 13
"c:\Users\A\Desktop\TankWar\AI\StateMachine\stateMachine_class.py", "Python", 20, 0, 0, 0, 4, 24
"c:\Users\A\Desktop\TankWar\AI\SteeringBehavior\steeringBehavior_class.py", "Python", 88, 0, 0, 15, 29, 132
"c:\Users\A\Desktop\TankWar\Actor\Camera\cameraActor_class.py", "Python", 21, 0, 0, 0, 4, 25
"c:\Users\A\Desktop\TankWar\Actor\Camera\followCamera_class.py", "Python", 20, 0, 0, 8, 13, 41
"c:\Users\A\Desktop\TankWar\Actor\Camera\freeCamera_class.py", "Python", 31, 0, 0, 2, 5, 38
"c:\Users\A\Desktop\TankWar\Actor\Camera\rawCamera_class.py", "Python", 24, 0, 0, 0, 6, 30
"c:\Users\A\Desktop\TankWar\Actor\Obstacles\block_class.py", "Python", 19, 0, 0, 3, 3, 25
"c:\Users\A\Desktop\TankWar\Actor\Tanks\chassis_class.py", "Python", 13, 0, 0, 0, 2, 15
"c:\Users\A\Desktop\TankWar\Actor\Tanks\enemyTank_class.py", "Python", 94, 0, 0, 35, 36, 165
"c:\Users\A\Desktop\TankWar\Actor\Tanks\playerTank_class.py", "Python", 57, 0, 0, 4, 10, 71
"c:\Users\A\Desktop\TankWar\Actor\Tanks\tank_class.py", "Python", 44, 0, 0, 5, 9, 58
"c:\Users\A\Desktop\TankWar\Actor\Tanks\torret_class.py", "Python", 28, 0, 0, 2, 3, 33
"c:\Users\A\Desktop\TankWar\Actor\actor_class.py", "Python", 48, 0, 0, 5, 14, 67
"c:\Users\A\Desktop\TankWar\Actor\cubeActor_class.py", "Python", 13, 0, 0, 1, 2, 16
"c:\Users\A\Desktop\TankWar\Actor\healthbar_class.py", "Python", 11, 0, 0, 9, 1, 21
"c:\Users\A\Desktop\TankWar\Actor\planeActor_class.py", "Python", 11, 0, 0, 0, 2, 13
"c:\Users\A\Desktop\TankWar\Assets\Safe.json", "JSON", 0, 0, 8, 2, 1, 11
"c:\Users\A\Desktop\TankWar\Component\collisionComponent_class.py", "Python", 15, 0, 0, 0, 3, 18
"c:\Users\A\Desktop\TankWar\Component\component_class.py", "Python", 9, 0, 0, 2, 2, 13
"c:\Users\A\Desktop\TankWar\Component\meshComponent_class.py", "Python", 22, 0, 0, 2, 3, 27
"c:\Users\A\Desktop\TankWar\Component\movementComponent_class.py", "Python", 23, 0, 0, 2, 8, 33
"c:\Users\A\Desktop\TankWar\Component\navigationComponent_class.py", "Python", 60, 0, 0, 13, 8, 81
"c:\Users\A\Desktop\TankWar\Component\senseComponent_class.py", "Python", 34, 0, 0, 12, 6, 52
"c:\Users\A\Desktop\TankWar\Component\spriteComponent_class.py", "Python", 22, 0, 0, 8, 9, 39
"c:\Users\A\Desktop\TankWar\Math.py", "Python", 145, 0, 0, 20, 42, 207
"c:\Users\A\Desktop\TankWar\Paras.py", "Python", 16, 0, 0, 4, 7, 27
"c:\Users\A\Desktop\TankWar\Projectile\cannonball_class.py", "Python", 34, 0, 0, 6, 4, 44
"c:\Users\A\Desktop\TankWar\Shaders\BasicMesh.frag", "GLSL", 0, 8, 0, 13, 6, 27
"c:\Users\A\Desktop\TankWar\Shaders\BasicMesh.vert", "GLSL", 0, 13, 0, 14, 7, 34
"c:\Users\A\Desktop\TankWar\Shaders\BasicShader.frag", "GLSL", 0, 6, 0, 11, 4, 21
"c:\Users\A\Desktop\TankWar\Shaders\BasicShader.vert", "GLSL", 0, 6, 0, 14, 4, 24
"c:\Users\A\Desktop\TankWar\Shaders\Sprite.frag", "GLSL", 0, 8, 0, 12, 6, 26
"c:\Users\A\Desktop\TankWar\Shaders\Sprite.vert", "GLSL", 0, 13, 0, 15, 7, 35
"c:\Users\A\Desktop\TankWar\collisionManager_class.py", "Python", 24, 0, 0, 5, 5, 34
"c:\Users\A\Desktop\TankWar\gameMap_class.py", "Python", 15, 0, 0, 1, 4, 20
"c:\Users\A\Desktop\TankWar\game_class.py", "Python", 97, 0, 0, 29, 27, 153
"c:\Users\A\Desktop\TankWar\gpmesh_export_v2.py", "Python", 206, 0, 0, 51, 71, 328
"c:\Users\A\Desktop\TankWar\levelGenerator_class.py", "Python", 0, 0, 0, 0, 1, 1
"c:\Users\A\Desktop\TankWar\main.py", "Python", 5, 0, 0, 0, 1, 6
"c:\Users\A\Desktop\TankWar\mapGenerator_class.py", "Python", 23, 0, 0, 6, 9, 38
"c:\Users\A\Desktop\TankWar\mesh_class.py", "Python", 60, 0, 0, 9, 18, 87
"c:\Users\A\Desktop\TankWar\renderer_class.py", "Python", 121, 0, 0, 18, 37, 176
"c:\Users\A\Desktop\TankWar\shader_class.py", "Python", 62, 0, 0, 10, 17, 89
"c:\Users\A\Desktop\TankWar\texture_class.py", "Python", 27, 0, 0, 8, 11, 46
"c:\Users\A\Desktop\TankWar\vertexArray_class.py", "Python", 24, 0, 0, 9, 9, 42
"Total", "-", 1841, 54, 8, 416, 521, 2840